{
    "typeName": "Richard::Cloud9::CustomEC2",
    "description": "An example resource schema demonstrating some basic constructs and validation rules.",
    "sourceUrl": "https://github.com/aws-cloudformation/aws-cloudformation-rpdk.git",
    "definitions": {
        "Tag": {
            "description": "A key-value pair to associate with a resource.",
            "type": "object",
            "properties": {
                "Key": {
                    "type": "string",
                    "description": "The key name of the tag. You can specify a value that is 1 to 128 Unicode characters in length and cannot be prefixed with aws:. You can use any of the following characters: the set of Unicode letters, digits, whitespace, _, ., /, =, +, and -.",
                    "minLength": 1,
                    "maxLength": 128
                },
                "Value": {
                    "type": "string",
                    "description": "The value for the tag. You can specify a value that is 0 to 256 Unicode characters in length and cannot be prefixed with aws:. You can use any of the following characters: the set of Unicode letters, digits, whitespace, _, ., /, =, +, and -.",
                    "minLength": 0,
                    "maxLength": 256
                }
            },
            "required": [
                "Key",
                "Value"
            ],
            "additionalProperties": false
        }
    },
    "properties": {
        "Name": {
            "description": "A TPS Code is automatically generated on creation and assigned as the unique identifier.",
            "type": "string"
        },
        "Description": {
            "description": "The title of the TPS report is a mandatory element.",
            "type": "string"
        },
        "InstanceType": {
            "description": "",
            "type": "string"
        },
        "SubnetId": {
            "description": "",
            "type": "string"
        },
        "OperatingSystem": {
            "description": "",
            "type": "string",
            "enum": [
                "AMAZON_LINUX",
                "AMAZON_LINUX_2",
                "UBUNTU_18_04"
            ]
        },
        "IdleTimeout": {
            "description": "",
            "type": "string"
        },
        "Owner": {
            "description": "",
            "type": "string"
        },
        "Arn": {
            "description": "",
            "type": "string"
        },
        "PermissionsPolicy": {
            "description": "Policy Arn for the policy to attach to the instance profile",
            "type": "string"
        },
        "EnvironmentId": {
            "description": "",
            "type": "string"
        },
        "BootstrapDocumentName": {
            "description": "",
            "type": "string"
        },
        "VolumeSize": {
            "description": "Size for EBS Volume",
            "exclusiveMinimum": 10,
            "type": "integer"
        },
        "Includes": {
            "type": "array",
            "items": {
                "type": "string"
            }
        },
        "Tags": {
            "description": "An array of key-value pairs to apply to this resource.",
            "type": "array",
            "items": {
                "$ref": "#/definitions/Tag"
            }
        }
    },
    "additionalProperties": false,
    "required": [
        "Owner",
        "InstanceType",
        "OperatingSystem"
    ],
    "readOnlyProperties": [
        "/properties/Arn",
        "/properties/EnvironmentId"
    ],
    "primaryIdentifier": [
        "/properties/Arn"
    ],
    "handlers": {
        "create": {
            "permissions": [
                "*"
            ]
        },
        "read": {
            "permissions": [
                "*"
            ]
        },
        "update": {
            "permissions": [
                "*"
            ]
        },
        "delete": {
            "permissions": [
                "*"
            ]
        },
        "list": {
            "permissions": [
                "*"
            ]
        }
    }
}
